freude,0.0
vertrauen,-0.07317073170731708
angst,-0.04878048780487805
überraschung,0.0
trauer,-0.12195121951219513
ekel,0.024390243902439025
wut,-0.0975609756097561
mitgefühl,0.0
liebe,-0.36585365853658536
